DateTime,Entries,UniqueIPs
1597990082,872,872
1598001602,874,874
1598013122,881,881
1598020802,877,877
1598032563,878,878
1598044083,874,874
1598055602,873,873
1598063282,870,870
1598067123,901,901
1598070962,870,870
1598074803,901,901
1598078645,888,888
1598086322,882,882
1598090162,889,889
1598094002,878,878
1598101923,888,888
1598109602,890,890
1598124962,879,879
1598136482,871,871
1598140322,861,861
1598144163,870,870
1598148003,861,861
1598151843,860,860
1598155682,881,881
1598163362,873,873
1598167202,882,882
1598178722,873,873
1598186402,874,874
1598190243,886,886
1598197923,890,890
1598205603,883,883
1598209442,879,879
1598217123,876,876
1598220962,878,878
1598224802,879,879
1598228642,878,878
1598232482,855,855
1598236322,882,882
1598247843,861,861
1598259363,864,864
1598274723,876,876
1598286243,896,896
1598297762,897,897
1598309282,895,895
1598313122,897,897
1598320802,897,897
1598324642,902,902
1598336162,898,898
1598340002,902,902
1598343842,898,898
1598351522,902,902
1598359203,901,901
1598366882,905,905
1598370722,901,901
1598378410,905,905
1598382243,900,900
1598389922,893,893
1598409362,891,891
1598420882,884,884
1598432403,874,874
1598436482,884,884
1598440322,874,874
1598451843,889,889
1598455923,884,884
1598464323,877,877
1598479682,870,870
1598491682,862,862
1598495522,897,897
1598507043,873,873
1598526242,889,889
1598537762,888,888
1598553122,881,881
1598560802,879,879
1598576163,872,872
1598583842,873,873
1598591522,876,876
1598606883,865,865
1598614562,873,873
1598626083,884,884
1598645283,884,884
1598652243,880,880
1598656802,884,884
1598661603,880,880
1598671202,866,866
1598682722,880,880
1598690642,896,896
1598694482,883,883
1598709842,882,882
1598717523,884,884
1598732882,877,877
1598740562,865,865
1598752082,876,876
1598755922,56,56
1598759763,876,876
1598763610,888,888
1598767442,883,883
1598771282,888,888
1598775123,883,883
1598778963,875,875
1598790483,870,870
1598798162,870,870
1598802003,869,869
1598813522,871,871
1598821208,869,869
1598828883,863,863
1598840402,880,880
1598851923,872,872
1598867283,870,870
1598882643,875,875
1598898003,874,874
1598917682,869,869
1598921522,867,867
1598925362,869,869
1598929210,901,901
1598940723,888,888
1598956562,883,883
1598960403,881,881
1598979842,878,878
1598983682,872,872
1598987525,878,878
1598991602,872,872
1598999282,876,876
1599006962,878,878
1599014642,885,885
1599034082,887,887
1599041763,883,883
1599057123,887,887
1599060962,887,887
1599068643,884,884
1599084010,887,887
1599091682,877,877
1599095522,887,887
1599099362,873,873
1599118562,886,886
1599126245,886,886
1599145442,883,883
1599157202,882,882
1599161042,884,884
1599168722,875,875
1599180242,891,891
1599184082,888,888
1599187922,887,887
1599199443,886,886
1599215042,881,881
1599230402,886,886
1599234243,879,879
1599238082,886,886
1599241922,879,879
1599245763,893,893
1599253443,893,893
1599257522,893,893
1599261362,893,893
1599265442,891,891
1599276962,891,891
1599280803,904,904
1599288483,891,891
1599292322,888,888
1599307682,891,891
1599315363,887,887
1599319202,891,891
1599323042,887,887
1599327122,897,897
1599338642,889,889
1599346322,884,884
1599350162,882,882
1599357842,863,863
1599361682,839,839
1599369363,874,874
1599380882,869,869
1599392402,871,871
1599396242,869,869
1599400082,881,881
1599407762,871,871
1599411610,874,874
1599423123,881,881
1599430802,878,878
1599434642,875,875
1599446642,872,872
1599454562,887,887
1599458404,868,868
1599462242,887,887
1599466082,873,873
1599469923,880,880
1599473763,873,873
1599481443,887,887
1599489362,867,867
1599504722,866,866
1599516242,855,855
1599527765,842,842
1599531602,900,900
1599543123,879,879
1599554882,876,876
1599570242,866,866
1599585602,875,875
1599593283,877,877
1599600964,871,871
1599604803,877,877
1599608642,871,871
1599612482,867,867
1599616322,866,866
1599620162,895,895
1599631922,883,883
1599643442,874,874
1599662648,869,869
1599670323,865,865
1599674166,869,869
1599678009,858,858
1599685682,852,852
1599701042,855,855
1599704883,896,896
1599716403,886,886
1599731762,896,896
1599743522,903,903
1599758882,894,894
1599762722,900,900
1599774243,892,892
1599785762,882,882
1599789629,903,903
1599804962,894,894
1599812643,882,882
1599824403,871,871
1599835922,877,877
1599839762,871,871
1599843603,877,877
1599847682,887,887
1599866883,887,887
1599878402,881,881
1599882242,892,892
1599894002,881,881
1599905523,880,880
1599920882,885,885
1599928562,884,884
1599940083,888,888
1599947762,888,888
1599951602,877,877
1599959282,879,879
1599966963,846,846
1599970802,908,908
1599982322,870,870
1599986402,875,875
1599990242,870,870
1599994322,875,875
1599998163,876,876
1600009683,883,883
1600017363,880,880
1600021203,883,883
1600025042,880,880
1600036562,886,886
1600040403,881,881
1600044243,880,880
1600051922,901,901
1600067523,889,889
1600075202,903,903
1600086722,891,891
1600105923,886,886
1600113602,891,891
1600121283,890,890
1600128962,891,891
1600140482,904,904
1600152003,901,901
1600167363,902,902
1600179123,893,893
1600190642,890,890
1600198322,885,885
1600206003,890,890
1600209842,885,885
1600213682,886,886
1600225442,896,896
1600236963,881,881
1600244642,887,887
1600263843,885,885
1600267682,887,887
1600271522,885,885
1600275363,887,887
1600283043,874,874
1600294563,867,867
1600298402,874,874
1600302242,877,877
1600309923,885,885
1600325522,883,883
1600340882,895,895
1600348803,887,887
1600352642,895,895
1600356483,887,887
1600360322,887,887
1600364162,887,887
1600368003,887,887
1600371842,883,883
1600391282,873,873
1600395122,893,893
1600406642,880,880
1600422002,883,883
1600429682,882,882
1600441210,872,872
1600452963,877,877
1600464484,875,875
1600476003,868,868
1600479842,875,875
1600483682,868,868
1600487523,898,898
1600499042,881,881
1600506723,878,878
1600510563,884,884
1600514402,878,878
1600518242,884,884
1600525922,868,868
1600541522,861,861
1600545365,855,855
1600556883,858,858
1600560723,857,857
1600564563,852,852
1600568402,857,857
1600572247,853,853
1600579922,881,881
1600583762,853,853
1600587603,852,852
1600595282,875,875
1600599122,860,860
1600602963,862,862
1600614482,860,860
1600618323,862,862
1600622163,856,856
1600626242,860,860
1600633923,859,859
1600637762,855,855
1600641602,859,859
1600645447,854,854
1600649522,863,863
1600653613,891,891
1600668962,879,879
1600676642,880,880
1600688162,881,881
1600703763,878,878
1600711443,868,868
1600726803,870,870
1600734723,866,866
1600742403,890,890
1600754164,878,878
1600765684,877,877
1600781042,871,871
1600784882,870,870
1600792563,871,871
1600796402,866,866
1600815603,862,862
1600827122,887,887
1600838642,888,888
1600842482,887,887
1600846323,888,888
1600854003,898,898
1600861683,887,887
1600865522,898,898
1600869363,887,887
1600880882,867,867
1600888563,870,870
1600907762,874,874
1600911602,878,878
1600915443,895,895
1600926962,870,870
1600938484,869,869
1600950242,860,860
1600958162,852,852
1600962003,860,860
1600965843,852,852
1600969925,855,855
1600985283,853,853
1600996802,855,855
1601004482,890,890
1601016003,881,881
1601027522,876,876
1601043123,873,873
1601054643,875,875
1601066161,865,865
1601073843,856,856
1601081522,871,871
1601085362,856,856
1601089202,871,871
1601093042,893,893
1601096882,871,871
1601100725,893,893
1601112242,876,876
1601123762,874,874
1601127602,877,877
1601143442,864,864
1601151123,861,861
1601174162,831,831
1601185922,883,883
1601197442,875,875
1601208962,884,884
1601216642,882,882
1601228162,872,872
1601247363,880,880
1601258882,910,910
1601270402,881,881
1601281922,875,875
1601293443,875,875
1601301121,875,875
1601304963,877,877
1601316722,871,871
1601324402,877,877
1601328242,871,871
1601332083,863,863
1601335922,871,871
1601339763,860,860
1601347682,885,885
1601359213,888,888
1601370724,878,878
1601378642,883,883
1601382486,878,878
1601386322,883,883
1601390163,886,886
1601397843,886,886
1601401683,886,886
1601405522,886,886
1601409363,886,886
1601413210,877,877
1601420883,871,871
1601432642,890,890
1601448242,890,890
1601452082,890,890
1601455922,890,890
1601459763,878,878
1601467442,879,879
1601471282,878,878
1601478963,1000,1000
1601494322,1000,1000
1601509682,1000,1000
1601517649,1000,1000
1601533203,1000,1000
1601541123,1000,1000
1601544962,1000,1000
1601548803,1000,1000
1601552642,1000,1000
1601560322,1000,1000
1601564163,1000,1000
1601568009,1000,1000
1601572082,1000,1000
1601583602,1000,1000
1601595122,1000,1000
1601606642,1000,1000
1601618163,1000,1000
1601629683,1000,1000
1601641202,1000,1000
1601652723,1000,1000
1601656563,1000,1000
1601664242,1000,1000
1601679603,1000,1000
1601691363,1000,1000
1601695202,1000,1000
1601702883,64,64
1601706722,1000,1000
1601718243,1000,1000
1601722082,1000,1000
1601725922,1000,1000
1601729763,1000,1000
1601733610,1000,1000
1601741523,1000,1000
1601749202,1000,1000
1601753043,1000,1000
1601756882,1000,1000
1601760722,1000,1000
1601768402,1000,1000
1601776082,315,315
1601799123,1000,1000
1601806803,1000,1000
1601810643,1000,1000
1601818322,1000,1000
1601822163,1000,1000
1601829842,1000,1000
1601837522,1000,1000
1601845210,1000,1000
1601852882,1000,1000
1601860562,1000,1000
1601864402,1000,1000
1601875922,1000,1000
1601891282,1000,1000
1601898963,1000,1000
1601910482,1000,1000
1601914323,1000,1000
1601922002,1000,1000
1601925842,1000,1000
1601929683,1000,1000
1601933523,1000,1000
1601945042,1000,1000
1601952722,1000,1000
1601968082,1000,1000
1601971923,1000,1000
1601975763,1000,1000
1601979602,1000,1000
1601983442,1000,1000
1601998803,1000,1000
1602010322,1000,1000
1602018005,1000,1000
1602029523,1000,1000
1602033363,1000,1000
1602037202,1000,1000
1602048723,1000,1000
1602052562,1000,1000
1602056403,1000,1000
1602060243,1000,1000
1602064322,1000,1000
